POA_CODE_2016,RA_NAME_2016,Tot_P_P,STEM_Tot,P_Tot_Tot,STEM_Pct,Wkly_Hhd_Inc,Secondary_Tot_P,Secondary_Pct,Tec_Furt_Educ_inst_Tot_P,TAFE_Pct,Uni_other_Tert_Instit_Tot_P,Uni_Pct,Y12_Comp_Pct,Indigenous_Pct
POA0800,Outer Regional Australia,6464,1018,4513,22.557057389762907,2264,92,1.4232673267326732,119,1.8409653465346534,376,5.816831683168317,62.48937255568781,3.3570544554455446
POA0810,Outer Regional Australia,33302,3867,17749,21.78714293763029,2107,1934,5.807459011470782,463,1.3903068884751666,2220,6.666266290312894,58.72355457863956,6.516125157648189
POA0812,Outer Regional Australia,18873,2120,9013,23.521579940086543,2028,1319,6.9888200074180045,244,1.2928522227520798,808,4.2812483441954114,50.765523107456765,11.148201133894982
POA0820,Outer Regional Australia,19447,2527,11712,21.57616120218579,2341,938,4.823366071887695,293,1.5066591248007404,953,4.900498791587391,60.66016975793776,5.373579472412198
POA0822,Very Remote Australia,25560,1335,8094,16.493699036323203,1294,1856,7.261345852895149,195,0.7629107981220657,225,0.8802816901408451,25.55240162520176,69.85133020344288
POA0830,Outer Regional Australia,18207,2028,8441,24.02558938514394,2035,1171,6.431592244741034,301,1.6532103037293349,619,3.3997912890646456,44.91835800396765,13.687043444828912
POA0832,Outer Regional Australia,15570,1998,7377,27.08418056120374,2356,955,6.13359023763648,297,1.907514450867052,631,4.052665382145151,55.60550458715596,8.490687219010919
POA0835,Outer Regional Australia,5132,979,3469,28.221389449409052,2253,224,4.36477007014809,65,1.2665627435697584,94,1.8316445830085737,33.550561797752806,4.111457521434139
POA0836,Outer Regional Australia,7756,1142,3899,29.289561426006667,2422,515,6.640020629190304,119,1.5342960288808665,204,2.630221763795771,37.731239092495635,6.988138215575039
POA0850,Remote Australia,8138,754,4203,17.939566975969544,1751,466,5.726222659130007,93,1.1427869255345293,202,2.4821823543868273,35.19553072625698,23.494716146473333
POA0852,Very Remote Australia,8299,439,3057,14.360484134772653,1115,448,5.398240751897819,46,0.5542836486323653,58,0.6988793830581997,18.527564549895324,71.94842752138813
POA0870,Remote Australia,19628,1759,10369,16.96402738933359,1963,1194,6.083146525371918,320,1.6303240269003465,763,3.8873038516405134,50.16075016744809,15.987364988791523
POA0872,Very Remote Australia,15469,470,5529,8.500633025863628,1138,692,4.473463055142543,145,0.93735858814403,147,0.9502876721184305,18.876093168239674,78.95145128967613
POA0880,Very Remote Australia,5214,414,2393,17.30045967404931,2230,418,8.016877637130802,50,0.9589566551591868,97,1.8603759110088225,38.06561085972851,42.558496355964714
POA2315,Inner Regional Australia,14658,1807,7886,22.91402485417195,1124,794,5.4168372219948155,238,1.6236867239732569,319,2.1762859871742393,39.588688946015424,2.865329512893983
POA2316,Inner Regional Australia,5849,755,2996,25.20026702269693,1155,446,7.625235082920157,95,1.624209266541289,124,2.1200205163275774,34.80413258717176,2.75260728329629
POA2317,Inner Regional Australia,6244,739,3182,23.22438717787555,1043,352,5.637411915438821,89,1.4253683536194748,100,1.6015374759769379,36.2816238478133,2.8827674567584882
POA2318,Inner Regional Australia,12147,1710,5890,29.032258064516128,1598,870,7.162262286984441,213,1.7535193875030872,310,2.5520704700749155,38.53352416602444,4.74191158310694
POA2319,Inner Regional Australia,6684,824,3111,26.48666023786564,974,309,4.622980251346499,111,1.6606822262118492,98,1.4661879114302814,28.978444236176195,5.11669658886894
POA2325,Inner Regional Australia,28460,2969,12541,23.67434813810701,1105,1620,5.692199578355587,496,1.7427969079409698,468,1.6444132115249472,27.92313982011447,7.463106113843992
POA2330,Inner Regional Australia,20350,3112,9099,34.20156061105616,1639,1432,7.036855036855036,434,2.1326781326781328,430,2.113022113022113,34.18488280221227,5.886977886977887
POA2333,Inner Regional Australia,13647,1751,5581,31.374305679985664,1352,836,6.125888473657214,307,2.249578661976991,193,1.4142302337510075,30.458970792767733,8.969004176742141
POA2335,Inner Regional Australia,6156,921,2844,32.38396624472574,1758,442,7.179987004548408,110,1.7868745938921378,136,2.2092267706302793,35.89800939387162,4.74333983105913
POA2337,Inner Regional Australia,7891,950,3651,26.020268419611064,1351,491,6.222278545178051,155,1.964263084526676,116,1.4700291471296414,37.83059926347506,4.118616144975288
POA2340,Inner Regional Australia,49072,4580,22453,20.398165055894534,1224,3364,6.855233126834039,1005,2.0480110857515488,942,1.919628301271601,38.60648435601868,10.425497228562113
POA2350,Inner Regional Australia,25339,2769,13057,21.20701539404151,1229,2007,7.920596708630964,520,2.052172540352816,2342,9.24266940289672,55.84802837900365,6.902403409763606
POA2360,Outer Regional Australia,14529,1276,6148,20.754716981132077,973,924,6.359694404294858,273,1.8790006194507536,204,1.4040883749741895,32.87362538308996,8.562185972881823
POA2370,Outer Regional Australia,7687,642,3494,18.37435603892387,857,428,5.567841810849486,138,1.795238714713152,89,1.1577988812280473,30.11988832320578,6.322362430076753
POA2380,Outer Regional Australia,10392,1132,4441,25.489754559783833,1284,571,5.494611239414935,190,1.8283294842186297,158,1.5204003079291764,33.024965150171084,12.904157043879907
POA2390,Outer Regional Australia,8757,1013,3772,26.85577942735949,1320,482,5.504168094096151,147,1.6786570743405276,113,1.2903962544250314,34.513805522208884,11.031175059952039
POA2400,Outer Regional Australia,10084,882,4357,20.243286665136562,1284,471,4.670765569218564,162,1.60650535501785,154,1.5271717572391907,34.47419986936643,20.329234430781437
POA2422,Inner Regional Australia,5338,603,2401,25.11453561016243,887,289,5.414012738853503,69,1.29261895841139,52,0.9741476208317722,29.308350682396483,7.231172723866616
POA2428,Inner Regional Australia,24009,2297,11672,19.67957505140507,832,1168,4.864842350785122,445,1.8534716148111126,244,1.0162855595818234,29.338904641098342,5.114748635928193
POA2429,Inner Regional Australia,9717,998,4445,22.452193475815523,925,565,5.81455181640424,194,1.9965009776680045,121,1.245240300504271,29.607717041800644,4.980961202017084
POA2430,Inner Regional Australia,34018,3226,15692,20.558246240122354,913,2100,6.173202422247046,681,2.001881356928685,475,1.3963195955082603,31.44500092747171,7.731201128814157
POA2431,Outer Regional Australia,5133,544,2443,22.26770364306181,871,226,4.402883304110657,69,1.3442431326709527,52,1.0130527956360802,28.578024007386887,5.2016364699006425
POA2440,Inner Regional Australia,21819,1832,9960,18.393574297188756,905,1320,6.049773133507493,353,1.6178559970667767,278,1.2741188872083964,26.674074507281127,13.547825289884962
POA2443,Inner Regional Australia,8894,1048,4418,23.721140787686736,781,421,4.733528221272768,128,1.4391724758263997,91,1.023161682032831,27.276290006531678,3.6766359343377557
POA2444,Inner Regional Australia,46284,4309,23188,18.58288770053476,1076,2866,6.192204649554922,917,1.9812462189957654,1125,2.430645579465906,40.64385229270932,3.9171203871748337
POA2445,Inner Regional Australia,6466,745,3264,22.824754901960784,1131,499,7.71729044231364,120,1.8558614290133004,119,1.840395917104856,38.46305418719212,3.0621713578719456
POA2446,Inner Regional Australia,13330,1359,6189,21.958313136209405,1117,959,7.1942985746436605,316,2.3705926481620403,231,1.7329332333083272,32.88932419196866,5.63390847711928
POA2447,Outer Regional Australia,7178,749,3387,22.11396516090936,946,423,5.893006408470326,124,1.7275006965728614,104,1.4488715519643354,31.116974494283202,5.976595151852884
POA2448,Outer Regional Australia,9000,866,4365,19.83963344788087,783,471,5.233333333333333,147,1.6333333333333333,121,1.3444444444444446,31.81083265966047,7.855555555555555
POA2450,Inner Regional Australia,43894,4202,21767,19.304451692929664,1140,2751,6.267371394723653,1106,2.5197065658176516,1045,2.380735408028432,40.35955317663486,4.736410443340776
POA2452,Inner Regional Australia,15120,1315,7036,18.689596361569073,1016,977,6.461640211640212,344,2.2751322751322753,339,2.242063492063492,37.928395271706776,6.150793650793651
POA2454,Outer Regional Australia,7570,805,4043,19.91095720999258,1056,542,7.159841479524439,146,1.928665785997358,186,2.457067371202114,48.14943527367507,3.1968295904887714
POA2456,Inner Regional Australia,14749,1538,7096,21.674182638105975,1111,903,6.122448979591836,279,1.8916536714353516,292,1.9797952403552783,40.541709934233296,4.8884670147128615
POA2460,Inner Regional Australia,29216,2628,13067,20.11173184357542,948,1805,6.178121577217963,685,2.3446056955093098,403,1.379381161007667,30.24632256941422,7.434282584884994
POA2463,Inner Regional Australia,7545,805,3676,21.89880304678999,932,434,5.752153744201458,143,1.8952948972829688,99,1.312127236580517,32.228181374939055,5.87143803843605
POA2464,Inner Regional Australia,6738,671,3449,19.45491446796173,900,303,4.496883348174532,104,1.543484713564856,86,1.2763431285247848,36.156008432888264,4.229741763134461
POA2470,Inner Regional Australia,15225,1243,5926,20.9753628079649,960,1012,6.64696223316913,327,2.147783251231527,207,1.3596059113300492,26.444291609353506,7.829228243021347
POA2474,Inner Regional Australia,6332,585,2877,20.333680917622523,839,385,6.080227416298168,112,1.7687934301958308,104,1.6424510423246999,31.34122287968442,3.2849020846493997
POA2477,Inner Regional Australia,12203,1256,6188,20.297349709114414,1166,887,7.268704416946653,252,2.065065967385069,280,2.2945177415389657,42.6097972972973,3.6712283864623454
POA2478,Inner Regional Australia,28310,2609,14824,17.599838100377767,1140,1713,6.050865418580007,504,1.7802896503002472,708,2.5008830801836806,42.98795180722892,3.235605793006005
POA2480,Inner Regional Australia,44599,4272,22459,19.02132775279398,1069,2960,6.636920110316375,978,2.19287427969237,1838,4.121168636068074,42.36367275742758,4.867822148478665
POA2481,Inner Regional Australia,11769,935,7248,12.900110375275938,1319,537,4.562834565383635,200,1.699379726399864,358,3.0418897102557567,54.850631352017245,1.4104851729118872
POA2482,Inner Regional Australia,6280,565,3465,16.305916305916305,969,376,5.987261146496815,107,1.7038216560509554,126,2.0063694267515926,47.878172588832484,1.5605095541401275
POA2483,Inner Regional Australia,10609,1007,5789,17.39505959578511,1040,651,6.136299368460741,200,1.8851918182675087,268,2.5261570364784616,47.75747508305648,2.8560656046752757
POA2484,Inner Regional Australia,18872,1870,9323,20.057921269977474,1037,1181,6.257948283170835,363,1.9234845273420942,394,2.0877490462060195,37.94920291813023,2.9196693514200933
POA2533,Inner Regional Australia,15627,1958,8853,22.116796566135772,1510,1013,6.482370256607155,285,1.8237665578805913,545,3.487553593140078,50.32433731080324,1.6637870352594868
POA2534,Inner Regional Australia,5709,635,3270,19.418960244648318,1514,338,5.920476440707654,79,1.3837799964967594,228,3.9936941671045716,49.150297947472964,2.2595901208617972
POA2535,Inner Regional Australia,7338,896,4149,21.595565196432876,1114,284,3.8702643772145,88,1.1992368492777323,164,2.234941400926683,42.511763751419764,2.0986644862360317
POA2536,Inner Regional Australia,17716,1708,8755,19.50885208452313,963,952,5.373673515466245,250,1.4111537593136148,207,1.1684353127116731,35.50854465270121,6.192142695868141
POA2537,Inner Regional Australia,11812,1338,6305,21.221252973830293,948,678,5.739925499492042,180,1.5238740264138164,162,1.3714866237724348,40.46815905141572,4.334575008465967
POA2539,Inner Regional Australia,17979,1957,8935,21.902630106323446,900,979,5.4452416708382,257,1.4294454641526224,229,1.2737082151398855,34.7699199131261,3.287168363090272
POA2540,Inner Regional Australia,45121,5462,22491,24.285269663420923,1024,2574,5.704660800957425,719,1.5934930520156911,783,1.7353338800115246,33.587346838080094,5.879745573014782
POA2541,Inner Regional Australia,25641,2547,12030,21.17206982543641,971,1372,5.350805350805351,520,2.028002028002028,584,2.2776022776022775,33.291882212495025,8.697008697008696
POA2546,Outer Regional Australia,9121,1077,4900,21.979591836734695,848,380,4.166209845411688,102,1.118298432189453,105,1.1511895625479662,37.48069994853319,4.758250191864927
POA2548,Outer Regional Australia,7734,774,4111,18.82753587934809,1009,355,4.590121541246444,108,1.3964313421256789,116,1.499870700801655,41.090466037161136,1.8748383760020688
POA2550,Outer Regional Australia,15858,1776,7908,22.458270106221548,1018,996,6.280741581536133,227,1.4314541556312272,257,1.6206331189305083,39.24202446629887,3.279102030520873
POA2571,Inner Regional Australia,11850,1538,5664,27.153954802259886,2059,884,7.459915611814346,203,1.7130801687763713,357,3.0126582278481013,45.14153668399769,2.818565400843882
POA2573,Inner Regional Australia,5067,534,2239,23.849933005806164,1403,316,6.236431813696467,88,1.7367278468521807,128,2.5261495954213538,34.444736151220795,4.479968423130058
POA2574,Inner Regional Australia,5741,740,2527,29.28373565492679,1578,412,7.176450095802125,111,1.9334610695000871,122,2.1250653196307265,33.81978225619643,3.518550775126285
POA2575,Inner Regional Australia,15476,1687,7660,22.02349869451697,1381,1183,7.644094081157922,284,1.8350995089170328,341,2.2034117342982684,43.07381193124368,2.7978805892995604
POA2576,Inner Regional Australia,13431,1400,7554,18.533227429176595,1371,866,6.447770084133721,148,1.1019283746556474,328,2.442111533020624,55.85793357933579,0.9679100588191497
POA2577,Inner Regional Australia,15414,1734,7987,21.710279203706023,1312,1114,7.2271960555339305,267,1.732191514207863,325,2.1084728169196834,45.56296914095079,2.1863241209290254
POA2580,Inner Regional Australia,29224,2800,14122,19.82721994051834,1205,1710,5.851355050643307,607,2.077059950725431,617,2.1112784013139887,36.55414786532454,3.9419655078018065
POA2582,Inner Regional Australia,12442,1472,6164,23.880597014925375,1778,917,7.370197717408777,234,1.8807265712907892,365,2.933611959492043,52.16647052530224,2.8050152708567753
POA2590,Inner Regional Australia,7093,707,3095,22.84329563812601,910,357,5.033131256168053,125,1.7623008600028196,98,1.3816438742422106,31.66023166023166,5.582969124488932
POA2594,Inner Regional Australia,11672,1132,4782,23.67210372229193,983,790,6.768334475668266,225,1.9276901987662782,166,1.4222069910897874,32.178274250541435,4.095270733379027
POA2621,Inner Regional Australia,6056,779,3262,23.881054567749846,2457,487,8.041611624834875,120,1.9815059445178336,199,3.285997357992074,61.69590643274854,2.1136063408190227
POA2630,Inner Regional Australia,8691,1055,4451,23.70253875533588,1078,494,5.684040961914624,169,1.9445403290760557,175,2.013577263836152,39.63693539165237,3.095155908411
POA2640,Inner Regional Australia,36343,3581,18135,19.746346843121035,1313,2420,6.658778857001348,782,2.151721101725229,1380,3.7971548853974633,47.121763321206934,2.308560107861211
POA2641,Inner Regional Australia,15070,1403,6620,21.19335347432024,950,848,5.627073656270737,434,2.8798938287989384,336,2.229595222295952,32.81947603403252,3.84870603848706
POA2646,Inner Regional Australia,6758,805,2998,26.85123415610407,1027,396,5.859721811186741,130,1.9236460491269607,92,1.361349511689849,30.90096798212956,1.7016868896123114
POA2650,Inner Regional Australia,56974,5687,26614,21.36845269407079,1349,3927,6.8926176852599434,1377,2.416891915610629,2571,4.512584687752308,45.236772670462436,5.6868045073191285
POA2663,Inner Regional Australia,5186,385,2676,14.387144992526158,1101,233,4.492865406864635,84,1.6197454685692247,73,1.407635942923255,23.72070779531325,8.638642499035866
POA2666,Outer Regional Australia,5673,591,2285,25.86433260393873,1045,374,6.592631764498502,101,1.7803631235677773,73,1.2867971091133439,29.26829268292683,2.379693283976732
POA2680,Outer Regional Australia,23940,2205,9915,22.239031770045386,1334,1520,6.349206349206349,447,1.8671679197994988,358,1.495405179615706,35.56425381774078,4.895572263993317
POA2705,Outer Regional Australia,10153,1059,4247,24.935248410642807,1202,734,7.229390327981878,170,1.674381956072097,126,1.2410125086181425,29.823422487665542,5.72244656751699
POA2710,Inner Regional Australia,10123,1041,4485,23.210702341137125,1050,575,5.6801343475254376,163,1.6101946063419934,121,1.1952978366097007,32.328015952143566,3.9909117850439593
POA2720,Inner Regional Australia,8012,914,3590,25.459610027855152,1146,465,5.803794308537194,179,2.234148776834748,109,1.3604593110334497,30.895091434071222,4.331003494757863
POA2731,Inner Regional Australia,6410,636,2812,22.617354196301566,1148,372,5.803432137285491,86,1.3416536661466458,99,1.5444617784711387,34.679007483261124,3.7285491419656784
POA2758,Inner Regional Australia,8715,1162,4672,24.871575342465754,2032,673,7.722317842799771,196,2.248995983935743,278,3.1899024670109006,45.9737548464062,2.3407917383820998
POA2790,Inner Regional Australia,15767,1877,7483,25.083522651343046,975,839,5.3212405657385675,348,2.20714149806558,265,1.680725566055686,29.73419314249764,5.670070400202955
POA2794,Inner Regional Australia,10428,1017,4383,23.20328542094456,968,569,5.456463367855773,207,1.9850402761795167,140,1.3425393172228615,29.37046004842615,8.275795934023781
POA2795,Inner Regional Australia,42550,4390,21003,20.90177593677094,1310,3035,7.132784958871915,924,2.1715628672150413,2100,4.9353701527614575,43.94340203014457,5.327849588719154
POA2800,Inner Regional Australia,44993,4515,21330,21.167369901547115,1339,3042,6.761051719156313,1157,2.571511123952615,1377,3.0604760740559644,43.31938136373081,5.972040095125909
POA2820,Outer Regional Australia,7316,571,3512,16.25854214123007,893,402,5.494805904866047,113,1.5445598687807545,89,1.2165117550574085,25.95012897678418,24.015855658829963
POA2830,Inner Regional Australia,40291,3699,18465,20.032493907392364,1344,2532,6.284281849544564,1009,2.5042813531557915,863,2.141917549825023,40.59630763155297,14.37790077188454
POA2850,Inner Regional Australia,17644,2235,8385,26.65474060822898,1229,986,5.588301972341872,375,2.125368397188846,270,1.5302652459759691,36.60422242045792,5.355928360915892
POA2870,Outer Regional Australia,12042,1200,5242,22.89202594429607,1154,835,6.934064108952001,254,2.109284172064441,209,1.7355920943364889,33.2560706401766,9.226042185683442
POA2871,Outer Regional Australia,9349,909,3961,22.948750315576874,1065,657,7.027489571077121,155,1.657931329553963,129,1.3798267194352336,33.07020016915703,11.188362391699647
POA2880,Outer Regional Australia,18276,1735,7805,22.229340166559897,971,987,5.400525279054498,429,2.3473407747866055,269,1.471875683957102,25.735843926313642,8.393521558327862
POA3139,Inner Regional Australia,13718,1627,6375,25.521568627450982,1464,956,6.968945910482578,301,2.1941974048695143,291,2.1213004811196967,41.214980263791276,0.8893424697477766
POA3222,Inner Regional Australia,14960,1614,7386,21.852152721364742,1199,996,6.657754010695188,239,1.5975935828877006,411,2.7473262032085564,43.639002732240435,1.0093582887700534
POA3223,Inner Regional Australia,7397,835,3870,21.57622739018088,896,276,3.73124239556577,102,1.378937407056915,125,1.6898742733540624,35.01970055161544,0.9328105988914425
POA3226,Inner Regional Australia,14165,1420,7421,19.134887481471498,1432,908,6.410165901870808,230,1.6237204376985528,458,3.233321567243205,55.59996282182359,0.5930109424638192
POA3228,Inner Regional Australia,17939,1750,9523,18.376562007770662,1763,1304,7.269078543954513,257,1.432632811193489,653,3.6401137187134176,62.275083867032635,0.702380288756341
POA3250,Inner Regional Australia,12250,1008,5069,19.8855790096666,1055,745,6.081632653061225,174,1.420408163265306,155,1.2653061224489797,33.524265777962924,1.2408163265306122
POA3280,Inner Regional Australia,31569,2485,14648,16.964773347897324,1162,2034,6.443029554309607,668,2.1159998732934207,841,2.664005828502645,42.84153889720458,1.7137064842091925
POA3300,Inner Regional Australia,10088,1025,4549,22.53242470872719,1038,679,6.730769230769231,161,1.5959555908009517,120,1.189532117367169,36.394260761072985,1.65543219666931
POA3305,Outer Regional Australia,12816,1370,5707,24.00560714911512,1092,820,6.398252184769039,198,1.5449438202247192,178,1.3888888888888888,32.43163775360188,2.356429463171036
POA3331,Inner Regional Australia,5997,703,2732,25.732064421669108,1651,464,7.737201934300484,117,1.9509754877438719,139,2.317825579456395,46.80548982489351,0.7337001834250458
POA3350,Inner Regional Australia,59145,5158,29373,17.56034453409594,1238,3791,6.409671147180657,836,1.4134753571730494,3744,6.330205427339589,52.516058791507895,1.1666243976667512
POA3351,Inner Regional Australia,8168,936,3717,25.181598062953995,1249,612,7.4926542605288935,100,1.2242899118511263,214,2.6199804113614102,38.711248173997724,1.2977473065621938
POA3352,Inner Regional Australia,15996,1828,7607,24.030498225318784,1439,1137,7.108027006751688,196,1.2253063265816455,419,2.619404851212803,41.95944254360344,1.1190297574393597
POA3355,Inner Regional Australia,13014,1035,5480,18.886861313868614,887,820,6.300906715844476,150,1.152604887044721,361,2.7739357614876288,34.92930277913213,2.4281542953742123
POA3356,Inner Regional Australia,16321,1270,6822,18.61624157138669,960,980,6.004534035904663,288,1.7645977574903497,589,3.608847497089639,37.02094033978665,2.077078610379266
POA3377,Inner Regional Australia,9416,792,4436,17.853922452660054,1011,521,5.533135089209855,80,0.8496176720475785,139,1.4762107051826678,31.976592977893368,1.6567544604927782
POA3380,Inner Regional Australia,6032,544,2561,21.241702459976572,928,354,5.86870026525199,56,0.9283819628647215,66,1.0941644562334218,32.563323201621074,1.757294429708223
POA3400,Outer Regional Australia,14543,1229,6353,19.345191248229185,1058,835,5.741593893969608,151,1.0383002131609709,260,1.7878016915354467,37.58253367373889,1.8084301725916248
POA3434,Inner Regional Australia,5069,619,2382,25.98656591099916,1622,385,7.595186427303216,68,1.3414874728743342,134,2.6435194318405997,45.61909758656873,1.144209903333991
POA3437,Inner Regional Australia,10439,1240,5241,23.659606945239457,1883,802,7.682728230673436,132,1.2644889357218125,341,3.266596417281349,55.68152202241335,0.5077114666155762
POA3442,Inner Regional Australia,7463,861,4073,21.139209427940095,1697,527,7.061503416856492,97,1.2997454106927508,216,2.894278440305507,57.977207977207975,0.5359774889454643
POA3444,Inner Regional Australia,9198,993,4674,21.245186136071887,1240,531,5.772994129158513,102,1.1089367253750815,218,2.370080452272233,46.69313980555936,0.6740595781691672
POA3450,Inner Regional Australia,6834,626,3774,16.587175410704823,907,333,4.872695346795434,75,1.0974539069359086,170,2.487562189054726,49.49874686716792,0.9950248756218906
POA3451,Inner Regional Australia,5656,557,3331,16.721705193635543,1139,329,5.816831683168317,72,1.272984441301273,103,1.8210749646393212,39.23528133825766,1.502828854314003
POA3465,Inner Regional Australia,9776,966,4067,23.752151462994835,781,553,5.6567103109656305,104,1.0638297872340425,131,1.3400163666121112,29.958338593611916,1.4218494271685762
POA3496,Outer Regional Australia,6224,628,2581,24.331654397520342,1078,415,6.667737789203085,108,1.7352185089974292,88,1.4138817480719794,29.794807370184255,2.908097686375321
POA3498,Outer Regional Australia,5325,526,2241,23.47166443551986,1228,426,8.0,93,1.7464788732394365,94,1.7652582159624413,36.0655737704918,2.1784037558685445
POA3500,Outer Regional Australia,32738,2421,13947,17.358571735857172,1023,1993,6.087726800659784,689,2.1045879406194636,637,1.9457511149123343,36.49950835791544,4.645977151933533
POA3550,Inner Regional Australia,40339,3564,19873,17.9338801388819,1107,2440,6.048736954312204,744,1.844368972954213,2299,5.69919928605072,47.95427009226754,1.67331862465604
POA3551,Inner Regional Australia,29565,3148,13834,22.755529853982942,1637,2352,7.955352612886859,475,1.606629460510739,733,2.4792829359039406,46.99825232629541,1.058684255031287
POA3555,Inner Regional Australia,19687,1767,8930,19.78723404255319,1060,1043,5.297912327932138,337,1.7117895057652257,490,2.488952100370803,37.48164229614967,1.986082186214253
POA3556,Inner Regional Australia,13085,1146,5621,20.387831346735457,964,771,5.892243026366068,282,2.1551394726786395,288,2.200993504012228,32.180824639841035,2.858234619793657
POA3564,Inner Regional Australia,15944,1556,7198,21.6171158655182,1168,1042,6.535373808329152,252,1.5805318615153037,232,1.455092824887105,34.51377178189994,3.1234320120421475
POA3579,Outer Regional Australia,5365,542,2309,23.4733650931139,911,343,6.393289841565704,69,1.2861136999068035,42,0.782851817334576,27.8757939308398,2.348555452003728
POA3585,Outer Regional Australia,11206,924,4824,19.154228855721392,1099,711,6.344815277529895,209,1.8650722827056934,158,1.4099589505621988,35.35981577432354,3.6052114938425843
POA3616,Inner Regional Australia,5357,613,2326,26.3542562338779,1196,319,5.95482546201232,68,1.2693671831248834,78,1.4560388277020722,36.01348098218585,2.1653910770953892
POA3620,Inner Regional Australia,8240,873,3645,23.950617283950617,1045,540,6.553398058252427,116,1.4077669902912622,97,1.1771844660194175,31.563467492260063,1.9660194174757282
POA3629,Inner Regional Australia,9127,778,3761,20.685987769210318,1022,564,6.1794675139695405,181,1.9831269858661116,139,1.522953873123699,31.38327721661055,5.938424454913991
POA3630,Inner Regional Australia,31272,2261,12944,17.467552533992585,1068,2093,6.692888206702482,715,2.286390381171655,619,1.9794064978255308,38.117368710127174,3.718981836786902
POA3631,Inner Regional Australia,11612,1121,4948,22.65561843168957,1624,965,8.310368584223218,171,1.4726145366861867,250,2.152945229073372,44.149620105201635,1.9290389252497417
POA3636,Inner Regional Australia,5241,538,2193,24.532603739170085,987,348,6.639954207212364,88,1.6790688799847358,89,1.6981492081663805,31.564922480620154,2.0034344590726962
POA3644,Inner Regional Australia,9227,897,3766,23.818374933616568,1014,555,6.014956107077056,138,1.4956107077056464,105,1.1379646689064702,30.877289629527613,1.7123658827354502
POA3658,Inner Regional Australia,6222,754,2746,27.458120903131828,1243,429,6.894889103182257,99,1.5911282545805208,137,2.2018643522982964,36.32380554976007,1.7679202828672453
POA3660,Inner Regional Australia,7574,702,3481,20.16661878770468,1024,445,5.875363084235542,191,2.521785054132559,132,1.7428043306047003,33.04093567251462,2.389754423026142
POA3672,Inner Regional Australia,10330,1066,4745,22.465753424657535,905,622,6.021297192642788,152,1.4714424007744433,108,1.0454985479186834,34.7296813462227,1.7521781219748307
POA3677,Inner Regional Australia,18102,1529,8343,18.326740980462663,1009,1111,6.137443376422495,307,1.695945199425478,325,1.7953817257761573,36.885015462468374,1.602032924538725
POA3678,Inner Regional Australia,6356,778,3222,24.14649286157666,1314,449,7.0641913152926366,95,1.4946507237256137,107,1.683448709880428,42.41504854368932,0.7866582756450597
POA3690,Inner Regional Australia,33518,3242,15377,21.08343630096898,1206,2248,6.706844083775882,896,2.6731905244943017,824,2.4583805716331524,39.973235722438694,2.628438450981562
POA3691,Inner Regional Australia,9704,1240,4812,25.768911055694097,1631,693,7.1413849958779885,320,3.2976092333058533,228,2.3495465787304206,46.21744522529971,1.5560593569661996
POA3722,Outer Regional Australia,5018,555,2516,22.058823529411764,1096,270,5.3806297329613395,66,1.315265045834994,79,1.5743324033479473,43.24948665297741,0.6775607811877242
POA3730,Inner Regional Australia,8833,875,4114,21.2688381137579,994,433,4.902071776293445,147,1.6642137439148648,91,1.030227555756821,31.513612639300323,1.030227555756821
POA3757,Inner Regional Australia,8959,1031,4249,24.264532831254414,1452,657,7.333407746400268,143,1.596160285746177,229,2.55608884920192,42.71282127469915,1.2724634445808685
POA3764,Inner Regional Australia,9165,1001,4176,23.970306513409962,1374,780,8.51063829787234,158,1.723949809056192,233,2.54228041462084,40.98119858989424,1.1347517730496455
POA3777,Inner Regional Australia,10751,1232,5213,23.633224630730865,1226,678,6.306390103246209,171,1.59054971630546,215,1.9998139707934146,42.80960304254813,3.1997023532694633
POA3799,Inner Regional Australia,5798,592,2744,21.574344023323615,956,364,6.278026905829597,112,1.9317005864091066,110,1.8972059330803726,40.09257218426273,1.1210762331838564
POA3818,Inner Regional Australia,14167,1533,6489,23.624595469255663,1159,833,5.87986165031411,271,1.9128961671490083,300,2.117597233006282,37.57358351729213,1.5034940354344604
POA3820,Inner Regional Australia,15952,1682,7664,21.94676409185804,1196,1084,6.795386158475426,266,1.6675025075225678,492,3.0842527582748245,43.61521686455052,0.8525576730190572
POA3824,Inner Regional Australia,5004,567,2393,23.69410781445884,1244,304,6.075139888089528,84,1.6786570743405276,107,2.138289368505196,37.44125326370757,0.7394084732214229
POA3825,Inner Regional Australia,20281,2337,9171,25.482499182204776,910,1151,5.675262561017702,388,1.9131206548000592,332,1.6370001479217,31.462679219740323,1.6764459346186085
POA3840,Inner Regional Australia,16476,1809,7274,24.869397855375308,906,889,5.395727118232581,263,1.596261228453508,325,1.972566156834183,32.23134214926281,2.2578295702840494
POA3844,Inner Regional Australia,28980,3380,13771,24.54433229249873,1321,1862,6.42512077294686,481,1.6597653554175293,741,2.556935817805383,41.25538406317301,1.176673567977916
POA3850,Inner Regional Australia,14779,1471,6894,21.337394836089352,1168,959,6.488937005210095,237,1.6036267677109413,316,2.138169023614588,41.20333772507686,1.5630286216929428
POA3851,Inner Regional Australia,5687,636,3146,20.21614748887476,988,305,5.363108844733603,49,0.8616142078424477,57,1.0022859152452963,25.493945188017847,1.8990680499384562
POA3860,Inner Regional Australia,7172,870,3293,26.419678105071362,1117,460,6.413831567205801,85,1.185164528722811,105,1.464026770775237,35.00359195402299,1.3803680981595092
POA3875,Outer Regional Australia,18625,1838,8822,20.83427794150986,1026,1098,5.8953020134228185,289,1.5516778523489934,238,1.2778523489932887,35.44631306597672,3.0711409395973153
POA3909,Outer Regional Australia,7901,792,3804,20.820189274447948,869,391,4.948740665738514,98,1.2403493228705227,91,1.1517529426654853,30.249000922225637,3.202126313124921
POA3922,Inner Regional Australia,7738,778,3912,19.88752556237219,903,371,4.794520547945205,98,1.2664771258723184,115,1.4861721375032309,39.94914984903861,0.8787800465236495
POA3953,Inner Regional Australia,7855,792,3450,22.956521739130434,1131,536,6.823679185232336,107,1.3621896880967537,135,1.7186505410566517,36.95943680858196,1.0184595798854232
POA3984,Inner Regional Australia,5209,522,2304,22.65625,943,246,4.722595507775004,65,1.247840276444615,72,1.382223075446343,29.69227155273667,1.20944519101555
POA3995,Inner Regional Australia,10173,872,4591,18.99368329340013,840,613,6.025754448048756,159,1.5629607785314066,118,1.1599331563943773,32.665108842700775,0.982994200334218
POA3996,Inner Regional Australia,5538,571,2915,19.58833619210978,1042,283,5.110148067894547,64,1.155651859877212,85,1.534850126399422,44.55156950672646,0.7945106536655833
POA4184,Outer Regional Australia,6906,800,3485,22.95552367288379,707,263,3.808282652765711,92,1.332174920359108,88,1.2742542716478424,34.47416514371158,3.3014769765421375
POA4285,Inner Regional Australia,20247,1920,8411,22.827250029722983,1296,1448,7.1516767916234505,309,1.526152022521855,429,2.1188324196177213,39.683898584129075,4.351261915345483
POA4310,Inner Regional Australia,5752,571,2428,23.517298187808898,1098,364,6.328233657858136,68,1.1821974965229485,90,1.564673157162726,40.04338394793926,1.860222531293463
POA4311,Inner Regional Australia,10599,1045,4289,24.36465376544649,1100,658,6.208132842721011,154,1.4529672610623643,194,1.8303613548447968,32.29867863375717,4.698556467591282
POA4340,Inner Regional Australia,5451,571,2310,24.71861471861472,1243,346,6.347459181801504,83,1.5226563933223263,96,1.7611447440836543,35.872411330635565,4.71473124197395
POA4341,Inner Regional Australia,14592,1361,5901,23.063887476698863,1173,1009,6.914747807017544,199,1.3637609649122806,361,2.4739583333333335,35.7900462333424,4.420230263157895
POA4343,Inner Regional Australia,11359,1022,4656,21.95017182130584,1140,680,5.986442468527159,149,1.3117351879566863,565,4.9740294039968305,38.42484747642818,3.8031516858878422
POA4350,Inner Regional Australia,106745,10425,49784,20.940462799292945,1231,7338,6.874326666354396,1962,1.838025200243571,4934,4.622230549440255,48.70782832576328,4.18567614408169
POA4352,Inner Regional Australia,28460,3346,13105,25.532239603204882,1723,2416,8.489107519325369,379,1.331693605059733,863,3.03232607167955,49.759159246825284,2.803935347856641
POA4356,Inner Regional Australia,5179,556,2048,27.1484375,1289,355,6.854605136126666,54,1.0426723305657464,92,1.7764047113342345,35.289614697626945,2.432902104653408
POA4370,Inner Regional Australia,18521,1612,7439,21.66957924452211,1024,1367,7.380810971329842,278,1.5009988661519356,286,1.5441930781275308,37.25003545596369,5.447869985421954
POA4380,Outer Regional Australia,7907,717,3391,21.14420524918903,919,486,6.146452510433793,80,1.0117617301125585,88,1.1129379031238142,39.97453851050287,2.769697736183129
POA4390,Outer Regional Australia,6878,706,2847,24.7980330172111,1399,417,6.062808956091887,99,1.4393719104390812,128,1.8610061064262866,44.16243654822335,5.641174760104682
POA4401,Inner Regional Australia,5719,531,2056,25.826848249027236,1159,382,6.679489421227487,70,1.2239902080783354,80,1.3988459520895262,35.382830626450115,7.57125371568456
POA4405,Inner Regional Australia,14485,1619,5917,27.36183876964678,1301,1099,7.587159130134622,236,1.629271660338281,247,1.7052122885743872,40.35865974516281,6.613738350017259
POA4413,Outer Regional Australia,8024,850,3379,25.155371411660255,1338,533,6.642572283150549,135,1.6824526420737786,80,0.9970089730807578,36.876281613123716,5.1595214356929215
POA4455,Outer Regional Australia,8486,941,3767,24.980090257499338,1542,505,5.950978081546076,152,1.7911854819703041,167,1.967947207164742,43.784552203443376,7.247230732971953
POA4507,Inner Regional Australia,18142,1992,8648,23.03422756706753,860,737,4.062396648660567,202,1.1134384301620548,254,1.4000661448572373,34.74030077088336,2.2103406460147723
POA4514,Inner Regional Australia,7404,657,3886,16.906845084920228,1301,404,5.456509994597515,81,1.0940032414910859,117,1.5802269043760129,31.697171381031612,5.807671528903295
POA4518,Inner Regional Australia,5065,617,2335,26.423982869379014,1389,339,6.692991115498519,76,1.5004935834155972,126,2.487660414610069,44.78636826042727,1.8361303060217176
POA4519,Inner Regional Australia,8426,896,3755,23.86151797603196,1259,529,6.278186565392832,106,1.2580109185853312,219,2.5990980299074296,42.53512428593485,2.6109660574412534
POA4520,Inner Regional Australia,13196,1735,7115,24.38510189739986,2306,1114,8.441952106699,170,1.288269172476508,658,4.986359502879661,66.59859083018483,0.8108517732646257
POA4552,Inner Regional Australia,8432,1097,4762,23.036539269214614,1022,464,5.502846299810247,84,0.9962049335863378,200,2.3719165085388996,53.118797845194216,1.4468690702087286
POA4553,Inner Regional Australia,5891,717,2867,25.008719916288804,1559,499,8.47054829400781,86,1.4598540145985401,195,3.310134102868783,47.75306400363141,1.9691054150398914
POA4561,Inner Regional Australia,7212,853,3587,23.780317814329525,1422,460,6.378258458125346,107,1.4836383804769828,197,2.7315585135884635,47.06828745084019,2.5513033832501386
POA4562,Inner Regional Australia,8035,874,4148,21.07039537126326,1449,598,7.442439327940261,118,1.4685749844430616,213,2.6509023024268825,54.35278774046299,1.4561294337274424
POA4563,Inner Regional Australia,8478,974,4219,23.086039345816545,1198,591,6.970983722576079,111,1.3092710544939845,165,1.94621372965322,47.064973861090365,2.3944326492097194
POA4570,Inner Regional Australia,42420,4355,18508,23.53036524746056,974,2746,6.473361621876474,549,1.2942008486562941,698,1.6454502593116453,35.201570285369165,3.4205563413484206
POA4610,Inner Regional Australia,14840,1508,6230,24.20545746388443,1083,955,6.435309973045822,282,1.9002695417789757,206,1.3881401617250675,37.254901960784316,4.049865229110512
POA4615,Inner Regional Australia,7052,667,2913,22.897356676965327,808,396,5.615428247305729,97,1.3754963131026658,56,0.7941009642654566,27.73942290670915,5.3176403857061825
POA4650,Inner Regional Australia,33891,3351,14694,22.805226623111473,914,2110,6.225841668879643,437,1.2894278717063528,509,1.501873653772388,30.980348699763592,4.434805700628486
POA4655,Inner Regional Australia,59539,5680,27036,21.00902500369877,929,3528,5.925527805304086,804,1.3503753842019517,1160,1.948302793127194,36.21203847607846,4.057844438099397
POA4660,Inner Regional Australia,7145,792,3116,25.41720154043646,836,385,5.388383484954514,65,0.9097270818754374,96,1.3435969209237228,29.455155071248953,3.2750174947515744
POA4670,Inner Regional Australia,79606,7762,33682,23.044949824832255,1003,5017,6.3022887722031005,1087,1.3654749641986785,1816,2.281235082782705,36.39826591437952,4.134110494183855
POA4671,Outer Regional Australia,6061,605,2505,24.151696606786427,784,383,6.319089259198152,63,1.0394324368916021,77,1.2704174228675136,27.390499691548428,2.9863058901171424
POA4680,Inner Regional Australia,54166,8061,24117,33.424555292946884,1716,3814,7.0413174315991585,853,1.5747886127829265,1205,2.224642764834029,45.443334256159865,4.137281689620795
POA4700,Inner Regional Australia,17437,1624,7974,20.36619011788312,1188,1549,8.883408843264323,224,1.2846246487354476,624,3.5785972357630325,44.2714126807564,6.727074611458393
POA4701,Inner Regional Australia,42762,4429,17782,24.907209537734786,1282,2739,6.405219587484215,679,1.5878583789345682,1619,3.7860717459426594,44.150874077702596,7.022590150133296
POA4702,Inner Regional Australia,28609,3131,11669,26.831776501842487,1344,1680,5.872277954489846,375,1.3107763291271977,633,2.2125904435667096,37.43954613095238,6.6727253661435215
POA4703,Inner Regional Australia,22530,2602,10547,24.670522423437944,1272,1693,7.514425210830004,272,1.2072791833111407,584,2.592099422991567,42.77132559070885,3.954727030625832
POA4715,Outer Regional Australia,7127,903,2833,31.874338157430287,1830,463,6.496422056966465,120,1.683737898133857,133,1.8661428370983584,42.693409742120345,3.830503718254525
POA4720,Outer Regional Australia,14394,1908,6430,29.673405909797822,1895,1016,7.058496595803807,249,1.7298874531054607,278,1.9313602890093093,48.40430787471594,3.4736695845491177
POA4737,Outer Regional Australia,8137,1038,3417,30.37752414398595,1367,519,6.378272090451026,87,1.0691901192085536,119,1.4624554504116996,32.308677553634325,7.07877596165663
POA4740,Inner Regional Australia,80089,10537,36149,29.148800796702538,1442,5315,6.636367041666146,1106,1.380963677908327,2230,2.784402352382974,43.56063074216459,5.226685312589744
POA4741,Outer Regional Australia,7079,969,3155,30.713153724247228,1348,466,6.582850685125018,66,0.9323350755756463,119,1.681028393840938,32.55772328620011,3.2207938974431416
POA4744,Outer Regional Australia,8735,1428,4011,35.602094240837694,2421,498,5.701202060675444,137,1.5684029765311964,169,1.934745277618775,50.9761388286334,3.915283342873497
POA4750,Inner Regional Australia,5747,776,2504,30.990415335463258,1727,470,8.17817991995824,73,1.2702279450147904,150,2.6100574212632677,46.500123670541676,6.6295458500087
POA4800,Outer Regional Australia,9324,1229,4257,28.87009631195678,1276,636,6.821106821106821,131,1.404976404976405,90,0.9652509652509652,35.4762236787059,3.7644787644787643
POA4802,Outer Regional Australia,9832,1200,5346,22.44668911335578,1347,407,4.139544344995931,145,1.4747762408462164,136,1.3832384052074858,46.70161084121708,2.2681041497152155
POA4805,Outer Regional Australia,10828,1157,4625,25.016216216216215,1090,573,5.291835980790543,119,1.0990025858884374,114,1.0528260066494275,33.450251373786976,9.013668267454747
POA4807,Outer Regional Australia,11038,1338,4339,30.83659829453791,1180,689,6.2420728392824785,99,0.8969016126109802,133,1.204928429063236,36.387614678899084,6.26019206377967
POA4810,Outer Regional Australia,21836,2637,12356,21.34185820653933,1357,1173,5.371862978567504,364,1.6669719728888075,1289,5.903095805092508,55.588542525702344,4.607070892104781
POA4811,Outer Regional Australia,13142,1245,6395,19.468334636434715,1512,780,5.9351696849794555,189,1.438137269821945,647,4.9231471617714195,47.321169997103965,9.46583472835185
POA4812,Outer Regional Australia,18804,2056,8962,22.941307743807187,1114,1281,6.81238034460753,331,1.7602637736651776,947,5.036162518613061,50.705842620736234,6.472027228249309
POA4814,Outer Regional Australia,46124,5111,21097,24.226193297625255,1488,2950,6.395802619026971,795,1.7236146041106581,4300,9.322695342988466,55.77843054972723,6.456508542190616
POA4815,Outer Regional Australia,21032,1926,8384,22.97232824427481,1283,1580,7.512362114872575,347,1.6498668695321415,773,3.6753518448079117,42.41191522865954,12.228984404716622
POA4816,Outer Regional Australia,9270,1044,3562,29.30937675463223,1107,437,4.71413160733549,71,0.7659115426105717,143,1.5426105717367853,33.04457174793908,27.874865156418554
POA4817,Outer Regional Australia,30413,3136,13084,23.96820544176093,1588,2379,7.822312826751718,563,1.85118206030316,1397,4.593430440929866,50.8860195903829,7.204156117449775
POA4818,Outer Regional Australia,28218,3233,12511,25.841259691471507,1677,1809,6.410801615989794,494,1.7506556098943937,990,3.508398894322773,49.2911129773255,5.712665674392232
POA4820,Outer Regional Australia,10843,935,4034,23.177987109568665,1076,1045,9.63755418242184,123,1.1343724061606566,120,1.1067047864982016,35.005027652086476,9.121091948722679
POA4825,Remote Australia,19246,2614,8486,30.803676643884046,2114,1103,5.731060999688247,315,1.636703730645329,422,2.1926634105788216,45.05080650891779,18.75714434168139
POA4850,Outer Regional Australia,10918,1370,4494,30.485091232754783,1039,734,6.722843011540575,93,0.8518043597728522,127,1.1632167063564756,34.837688044338876,6.045063198387983
POA4854,Outer Regional Australia,5481,644,2137,30.135704258306035,1173,333,6.075533661740558,56,1.0217113665389528,53,0.9669768290457945,37.54638218923933,9.669768290457945
POA4860,Outer Regional Australia,11296,1136,4814,23.59783963439967,1051,669,5.9224504249291785,125,1.106586402266289,160,1.4164305949008498,36.48863636363637,14.155453257790368
POA4865,Outer Regional Australia,8119,1000,3581,27.925160569673274,1409,587,7.2299544278852075,109,1.3425298682103708,188,2.315556102968346,42.572921935592646,10.777189309028206
POA4868,Outer Regional Australia,22063,2247,9917,22.65806191388525,1350,1518,6.880297330372116,343,1.5546389883515388,572,2.592575805647464,47.971172480620154,11.109096677695689
POA4869,Outer Regional Australia,19010,1734,7723,22.45241486468989,1433,1488,7.827459231983167,313,1.646501841136244,479,2.5197264597580222,46.78069175218548,13.377169910573382
POA4870,Outer Regional Australia,71009,6935,36487,19.006769534354703,1275,4599,6.476643805714769,1351,1.902575729837063,2383,3.35591263079328,52.264379670339615,9.324170175611542
POA4871,Outer Regional Australia,10978,1098,4347,25.25879917184265,1071,658,5.9938057934049915,91,0.8289305884496265,109,0.9928948806704317,31.617999042604115,27.637092366551283
POA4873,Outer Regional Australia,6458,781,3219,24.26219322771047,1078,366,5.667389284608237,56,0.8671415298854135,76,1.1768349334159183,41.431112868155765,11.644471972746981
POA4874,Very Remote Australia,5240,720,2228,32.31597845601436,2174,374,7.137404580152672,50,0.9541984732824428,83,1.583969465648855,43.69541484716157,37.13740458015267
POA4875,Very Remote Australia,8101,388,3326,11.665664461815995,1232,536,6.616467102826811,127,1.5677076904085916,92,1.1356622639180347,44.931609518456064,81.79237131218368
POA4877,Outer Regional Australia,5141,501,2986,16.778298727394507,1274,154,2.995526162225248,46,0.8947675549503987,74,1.4394086753549893,51.73674588665448,2.1980159502042405
POA4878,Outer Regional Australia,13486,1589,7218,22.01440842338598,1324,719,5.331454842058431,224,1.6609817588610412,794,5.8875871273913685,53.53685778108712,5.331454842058431
POA4879,Outer Regional Australia,19447,2231,10175,21.926289926289925,1470,1224,6.294029927495243,289,1.4860903995474881,796,4.093176325397233,55.845795945496846,2.823057541008896
POA4880,Outer Regional Australia,13295,1136,5988,18.97127588510354,1054,796,5.987213238059421,114,0.8574652124858969,194,1.4591951861602106,33.580740317822816,15.186160210605491
POA4883,Outer Regional Australia,8428,865,3752,23.054371002132196,993,502,5.956336022781206,95,1.1271950640721404,134,1.589938300901756,41.346008752074844,8.875177978168011
POA4892,Very Remote Australia,5614,279,1632,17.095588235294116,975,238,4.239401496259352,15,0.26718916993231207,21,0.3740648379052369,22.910372608257806,83.29177057356608
POA5153,Inner Regional Australia,6428,847,3499,24.206916261789083,1685,469,7.296204107031736,116,1.8046048537647792,299,4.651524579962663,60.04828002414001,0.5133789670192906
POA5211,Inner Regional Australia,15276,1597,7331,21.78420406492975,846,671,4.392511128567688,191,1.2503273108143493,206,1.348520555119141,36.95906432748538,1.28305839224928
POA5214,Inner Regional Australia,8397,910,4093,22.23308086977767,813,303,3.60843158270811,117,1.3933547695605573,101,1.20281052756937,34.81758912470523,1.8220793140407288
POA5251,Inner Regional Australia,14623,1499,6921,21.658719838173674,1315,954,6.523969089790056,318,2.1746563632633524,563,3.850099158859331,50.918468916840105,1.3471927784996238
POA5252,Inner Regional Australia,6516,740,3063,24.15932092719556,1476,447,6.860036832412523,131,2.0104358502148556,216,3.314917127071823,50.397157190635454,1.0742786985880908
POA5253,Inner Regional Australia,18489,1586,7269,21.818682074563213,945,975,5.273405808859322,323,1.746984693601601,305,1.6496295094380442,32.92124854859641,5.051652333820109
POA5255,Inner Regional Australia,9248,1095,4316,25.37071362372567,1189,626,6.7690311418685125,151,1.6327854671280277,184,1.9896193771626298,42.05620478575403,1.643598615916955
POA5271,Outer Regional Australia,7428,898,2937,30.575417092271024,1197,382,5.142703284868067,90,1.2116316639741518,71,0.9558427571351642,36.33670268386197,1.6693591814754982
POA5280,Outer Regional Australia,7370,787,2886,27.26957726957727,981,420,5.698778833107191,133,1.8046132971506106,65,0.8819538670284939,30.788978264590106,2.198100407055631
POA5290,Inner Regional Australia,25512,2288,10205,22.420382165605094,1034,1522,5.965820006271558,499,1.955942301661963,448,1.7560363750391972,35.16629939015016,2.277359673878959
POA5291,Outer Regional Australia,9171,1121,4132,27.1297192642788,1454,596,6.498746047323084,142,1.5483589575836878,121,1.3193762948424381,33.6,1.4066077854105332
POA5333,Outer Regional Australia,5809,549,2306,23.80745880312229,1040,363,6.248924083318988,80,1.3771733516956446,63,1.08452401446032,32.75215184286029,2.496126699948356
POA5341,Outer Regional Australia,7665,629,2934,21.43830947511929,1003,440,5.740378343118069,117,1.5264187866927592,67,0.8741030658838878,30.98846787479407,2.883235485975212
POA5351,Inner Regional Australia,5864,782,2814,27.789623312011372,1466,390,6.65075034106412,93,1.5859481582537518,151,2.5750341064120055,44.55981941309255,0.8356070941336972
POA5352,Inner Regional Australia,5216,596,2492,23.91653290529695,1275,288,5.521472392638037,68,1.303680981595092,103,1.9746932515337423,44.88759970993473,0.5751533742331288
POA5355,Inner Regional Australia,7594,883,3187,27.706306871666143,1211,443,5.833552804845931,127,1.672372925994206,105,1.3826705293652883,39.27409690121554,0.9612852251777719
POA5501,Inner Regional Australia,7323,841,2838,29.63354474982382,1326,448,6.117711320497064,134,1.8298511538986755,121,1.6523282807592516,33.54723707664884,2.8130547589785606
POA5540,Outer Regional Australia,15343,1404,5677,24.731372203628677,893,964,6.282995502835169,263,1.7141367398813792,167,1.0884442416737274,29.906542056074766,3.8128136609528775
POA5554,Outer Regional Australia,5233,455,2142,21.241830065359476,974,358,6.84120007643799,65,1.24211733231416,38,0.7261609019682782,30.738916256157637,2.4460156697878848
POA5600,Outer Regional Australia,6202,1022,3005,34.00998336106489,1349,370,5.965817478232828,134,2.160593356981619,122,1.967107384714608,40.41607756008887,2.112221863914866
POA5606,Remote Australia,14128,1402,6032,23.242705570291776,1082,825,5.839467723669309,200,1.4156285390713477,183,1.295300113250283,36.392929478917324,5.124575311438279
POA5608,Outer Regional Australia,13357,1455,5097,28.546203649205413,809,740,5.54016620498615,311,2.3283671483117465,199,1.489855506476005,31.00539480137322,6.228943625065509
POA5700,Outer Regional Australia,11136,1070,4604,23.24066029539531,1051,513,4.606681034482759,157,1.4098419540229885,109,0.9788074712643678,28.849925020186873,18.95653735632184
POA6084,Inner Regional Australia,8240,1164,3885,29.961389961389962,1806,622,7.548543689320389,109,1.3228155339805825,196,2.378640776699029,40.374759769378606,1.395631067961165
POA6225,Inner Regional Australia,9105,1216,3800,32.0,1173,554,6.084568918176826,138,1.5156507413509062,66,0.7248764415156508,27.77621195039459,3.8550247116968697
POA6230,Inner Regional Australia,43134,5003,20219,24.744052623769722,1326,3086,7.154448926600826,793,1.838456901748041,822,1.9056892474613993,41.8877273551272,3.3059767236982425
POA6232,Inner Regional Australia,10886,1308,4722,27.70012706480305,1527,750,6.889582950578725,205,1.883152673158185,156,1.4330332537203747,37.74002954209749,2.131177659379019
POA6233,Inner Regional Australia,18844,2398,8420,28.47980997624703,1665,1435,7.615156017830609,329,1.7459138187221397,342,1.8149012948418595,41.204784130688445,1.9687964338781576
POA6258,Outer Regional Australia,6568,710,2641,26.88375615297236,1166,511,7.780146163215591,88,1.3398294762484775,53,0.8069427527405603,35.70437883891421,3.8520097442143726
POA6280,Inner Regional Australia,28166,2910,12940,22.48840803709428,1220,2032,7.2143719377973445,534,1.895902861606192,378,1.3420435986650572,41.355194293918764,1.8994532414968401
POA6281,Inner Regional Australia,7203,863,3831,22.526755416340382,1636,439,6.09468277106761,87,1.2078300708038316,120,1.665972511453561,56.48286140089419,0.8607524642510065
POA6285,Inner Regional Australia,9177,1092,4735,23.0623020063358,1349,596,6.494497112346083,174,1.8960444589735208,168,1.8306636155606408,57.27353201534376,1.5909338563800806
POA6330,Outer Regional Australia,35869,3930,16876,23.287508888362172,1208,2587,7.212356073489643,798,2.224762329588224,483,1.3465666731718198,42.020858632759484,3.3232038807884243
POA6333,Outer Regional Australia,5845,759,3134,24.21825143586471,1013,420,7.18562874251497,78,1.3344739093242086,59,1.009409751924722,49.25925925925926,1.3173652694610778
POA6401,Inner Regional Australia,8176,720,3696,19.48051948051948,1150,496,6.066536203522505,137,1.6756360078277885,96,1.1741682974559686,32.951873334378426,6.714774951076321
POA6430,Outer Regional Australia,22746,3403,10246,33.212961155572906,2186,1473,6.47586388815616,501,2.2025850699024003,543,2.3872329200738593,45.03140891414897,5.609777543304317
POA6432,Outer Regional Australia,7092,872,2888,30.193905817174514,1772,343,4.836435420191766,146,2.0586576424139875,65,0.9165256627185561,31.18379483367404,12.225042301184434
POA6450,Remote Australia,13397,1466,5869,24.978701652751745,1349,968,7.225498245875943,178,1.3286556691796672,125,0.9330447115025752,37.6588826485368,3.8889303575427334
POA6530,Outer Regional Australia,32455,3537,14072,25.13501989766913,1320,2300,7.08673547989524,663,2.0428285318132797,504,1.552919426898783,38.76328974703654,9.619473116623016
POA6532,Outer Regional Australia,6725,752,3173,23.69996848408446,1619,464,6.899628252788104,115,1.7100371747211895,91,1.3531598513011152,37.31195566112431,7.672862453531598
POA6701,Very Remote Australia,5544,528,2465,21.419878296146045,1258,243,4.383116883116883,59,1.0642135642135642,45,0.8116883116883117,33.402633402633406,17.92929292929293
POA6714,Remote Australia,16829,2770,8699,31.842740544890216,2634,899,5.341969219799156,301,1.7885792382197396,244,1.4498781864638421,48.483609907626914,9.632182542040525
POA6722,Remote Australia,9848,1349,4702,28.689919183326243,2422,489,4.965475223395614,198,2.0105605199025183,136,1.380991064175467,39.67877094972067,20.186839967506092
POA6725,Remote Australia,10795,1028,5264,19.52887537993921,1708,598,5.539601667438629,175,1.6211208893006022,209,1.936081519221862,44.28822495606327,32.28346456692913
POA6726,Remote Australia,5436,524,2802,18.70092790863669,1944,344,6.328182487122884,122,2.2442972774098604,103,1.894775570272259,48.70178976556592,19.922737306843267
POA6728,Very Remote Australia,5946,416,2416,17.218543046357617,1299,310,5.213588967373024,76,1.2781701984527414,59,0.9922637066935756,31.458040318799814,63.1012445341406
POA6743,Very Remote Australia,6232,674,2928,23.01912568306011,1785,278,4.460847240051348,109,1.7490372272143775,86,1.37997432605905,42.0369976610674,29.28433889602054
POA6753,Very Remote Australia,7238,1342,4127,32.517567240126,2502,274,3.785576126001658,125,1.7269964078474718,108,1.4921248963802156,38.07964144113084,14.354794142028185
POA7000,Inner Regional Australia,13837,1578,8363,18.86882697596556,1450,760,5.4925200549252,296,2.13919202139192,1344,9.71308809713088,69.00260190806591,1.9296090192960902
POA7004,Inner Regional Australia,7481,984,4595,21.414581066376495,1453,361,4.825558080470525,106,1.416922871273894,936,12.51169629728646,71.339414306289,1.2030477208929287
POA7005,Inner Regional Australia,13305,1747,7959,21.949993717803743,1458,688,5.1709883502442695,189,1.4205186020293123,2496,18.75986471251409,75.184888176067,0.8042089440060127
POA7008,Inner Regional Australia,11981,1239,6447,19.218241042345277,1354,710,5.92604957849929,260,2.170102662549036,743,6.201485685668976,60.068828866409426,1.7945079709540106
POA7009,Inner Regional Australia,12453,1105,5504,20.076308139534884,1044,745,5.982494178109692,394,3.1638962498996226,528,4.239942182606601,44.132366458992955,3.6216172809764715
POA7010,Inner Regional Australia,16842,1308,6778,19.29772794334612,943,938,5.569409808811305,424,2.5175157344733403,438,2.6006412540078374,34.32120939979045,5.551597197482485
POA7011,Inner Regional Australia,14696,1206,5805,20.775193798449614,1024,848,5.7702776265650515,342,2.327163854109962,295,2.007348938486663,32.766628691613356,5.273543821448013
POA7015,Inner Regional Australia,10332,1091,5298,20.592676481691203,1366,552,5.342624854819976,182,1.7615176151761518,409,3.9585753000387145,49.73401111242464,2.0228416569879983
POA7017,Inner Regional Australia,5614,621,2582,24.051123160340822,1516,358,6.376914855717848,119,2.119700748129676,138,2.458140363377271,39.15343915343915,3.847524047025294
POA7018,Inner Regional Australia,21027,2036,10178,20.00393004519552,1259,1203,5.721215579968612,399,1.8975602796404623,732,3.4812384077614498,46.90307609924436,2.9533456983877873
POA7019,Inner Regional Australia,6107,391,2243,17.432010699955416,964,349,5.714753561486819,136,2.2269526772556083,136,2.2269526772556083,33.82022471910113,7.859832978549206
POA7030,Inner Regional Australia,17404,1318,6008,21.937416777629828,1042,1073,6.165249367961388,360,2.068490002298322,221,1.2698230291886923,26.937211666275704,9.377154677085727
POA7050,Inner Regional Australia,12405,1367,6070,22.520593080724876,1241,845,6.8117694478033055,253,2.0395002015316406,514,4.143490528012898,54.33501683501684,3.611446997178557
POA7052,Inner Regional Australia,7145,806,3644,22.1185510428101,1443,535,7.4877536738978305,143,2.001399580125962,314,4.394681595521344,54.6763901549681,2.71518544436669
POA7054,Inner Regional Australia,8745,1162,4413,26.331293904373442,1547,607,6.941109205260148,143,1.6352201257861636,343,3.9222412807318467,53.318688215910875,5.100057175528874
POA7109,Outer Regional Australia,8808,1001,4142,24.16706904876871,1112,509,5.778837420526794,193,2.1911898274296093,205,2.327429609445958,40.58498253783469,7.4137148047229795
POA7140,Inner Regional Australia,10974,985,4237,23.247580835496812,962,589,5.367231638418079,209,1.9045015491160926,143,1.303080007289958,26.73003361539353,5.011846181884454
POA7170,Inner Regional Australia,5008,597,2495,23.927855711422847,1960,407,8.12699680511182,95,1.8969648562300319,176,3.5143769968051117,50.98143236074271,1.7571884984025559
POA7173,Inner Regional Australia,6595,683,3086,22.132209980557356,1100,391,5.928733889310084,137,2.0773313115996968,141,2.137983320697498,35.03776873910517,4.260803639120546
POA7248,Inner Regional Australia,15776,1288,6139,20.9806157354618,843,741,4.697008113590264,497,3.1503549695740367,1617,10.24974645030426,37.55731225296443,5.185091277890466
POA7249,Inner Regional Australia,12774,1099,5807,18.925434820044774,1086,669,5.237200563644904,299,2.340692030687334,441,3.4523250352278065,39.274835413186594,2.833881321434163
POA7250,Inner Regional Australia,48050,4425,22578,19.59872442200372,1142,3151,6.557752341311134,1083,2.2539021852237253,1757,3.6566077003121746,42.843058886224355,2.8158168574401663
POA7277,Inner Regional Australia,5713,685,2809,24.385902456390173,1324,419,7.334150183791353,116,2.030456852791878,155,2.7131104498512166,39.29872495446266,2.520567127603711
POA7304,Outer Regional Australia,5939,622,2564,24.258970358814352,859,346,5.825896615591851,95,1.5995958915642363,80,1.3470281192119886,32.24170716247623,4.7819498232025595
POA7307,Outer Regional Australia,10125,1037,4518,22.952633908809208,1067,471,4.651851851851852,212,2.093827160493827,140,1.382716049382716,26.969031943428433,4.997530864197531
POA7310,Inner Regional Australia,27101,2478,11574,21.410057024364956,967,1579,5.826353271097007,675,2.4906830006272833,403,1.4870299988930298,29.772855265627932,6.195343345264012
POA7315,Outer Regional Australia,14658,1429,6348,22.511027095148076,956,818,5.5805703370173285,289,1.9716195933960976,247,1.6850866421066995,26.60472253004859,7.552189930413426
POA7316,Outer Regional Australia,5889,644,2739,23.512230741146404,1120,334,5.671591102054678,130,2.207505518763797,97,1.6471387332314484,29.745345602396746,5.909322465613856
POA7320,Outer Regional Australia,16238,1530,6706,22.81538920369818,964,1074,6.614115038797881,401,2.4695159502401776,408,2.51262470747629,30.682267372914854,7.2299544278852075
POA7325,Outer Regional Australia,8586,966,3705,26.072874493927124,951,464,5.404146284649429,167,1.9450267877940834,149,1.7353831819240624,28.24850517719119,8.094572559981366
POA7330,Outer Regional Australia,6592,652,2418,26.96443341604632,1105,403,6.113470873786408,105,1.5928398058252426,48,0.7281553398058253,22.331460674157302,17.20266990291262
